{"cameraMode":{"drawMode":0,"name":"Shaded","section":"Shading Mode"},"sceneLighting":false,"audioPlay":false,"sceneViewState":{"showFog":true,"showMaterialUpdate":false,"showSkybox":true,"showFlares":true,"showImageEffects":true,"showParticleSystems":true},"in2DMode":false,"pivot":{"x":2.1632044315338136,"y":2.9574203491210939,"z":5.278872013092041},"rotation":{"x":-0.24586088955402375,"y":-0.3869825601577759,"z":0.10785521566867829,"w":-0.8821452856063843},"size":11.578790664672852,"orthographic":false}