{"cameraMode":{"drawMode":0,"name":"Shaded","section":"Shading Mode"},"sceneLighting":false,"audioPlay":false,"sceneViewState":{"showFog":true,"showMaterialUpdate":false,"showSkybox":true,"showFlares":true,"showImageEffects":true,"showParticleSystems":true},"in2DMode":false,"pivot":{"x":-9.902301788330079,"y":76.30316925048828,"z":-34.553131103515628},"rotation":{"x":-0.4850234389305115,"y":-0.28841307759284975,"z":0.17182540893554688,"w":-0.8078781962394714},"size":13.363134384155274,"orthographic":false}