{"cameraMode":{"drawMode":0,"name":"Shaded","section":"Shading Mode"},"sceneLighting":false,"audioPlay":false,"sceneViewState":{"showFog":true,"showMaterialUpdate":false,"showSkybox":true,"showFlares":true,"showImageEffects":true,"showParticleSystems":true},"in2DMode":false,"pivot":{"x":-580.8430786132813,"y":698.791015625,"z":441.0087890625},"rotation":{"x":0.09608972072601319,"y":-0.11421739310026169,"z":0.017040656879544259,"w":0.98923259973526},"size":21.214956283569337,"orthographic":false}