{"cameraMode":{"drawMode":0,"name":"Shaded","section":"Shading Mode"},"sceneLighting":true,"audioPlay":false,"sceneViewState":{"showFog":true,"showMaterialUpdate":false,"showSkybox":true,"showFlares":true,"showImageEffects":true,"showParticleSystems":true},"in2DMode":false,"pivot":{"x":-579.3043212890625,"y":701.3425903320313,"z":638.4244384765625},"rotation":{"x":0.0102846072986722,"y":0.9953809380531311,"z":0.09406716376543045,"w":-0.03898468241095543},"size":6.4167609214782719,"orthographic":false}