{"cameraMode":{"drawMode":0,"name":"Shaded","section":"Shading Mode"},"sceneLighting":true,"audioPlay":false,"sceneViewState":{"showFog":true,"showMaterialUpdate":false,"showSkybox":true,"showFlares":true,"showImageEffects":true,"showParticleSystems":true},"in2DMode":false,"pivot":{"x":-557.444580078125,"y":682.9912109375,"z":417.9019470214844},"rotation":{"x":-0.11907678842544556,"y":-0.41011345386505129,"z":0.05330875143408775,"w":-0.9028916358947754},"size":30.235811233520509,"orthographic":false}