{"cameraMode":{"drawMode":0,"name":"Shaded","section":"Shading Mode"},"sceneLighting":false,"audioPlay":false,"sceneViewState":{"showFog":true,"showMaterialUpdate":false,"showSkybox":true,"showFlares":true,"showImageEffects":true,"showParticleSystems":true},"in2DMode":false,"pivot":{"x":-576.07275390625,"y":701.432861328125,"z":409.37286376953127},"rotation":{"x":0.004524845164269209,"y":-0.9951668977737427,"z":0.05802068114280701,"w":0.08349212259054184},"size":0.1861458420753479,"orthographic":false}