{"cameraMode":{"drawMode":0,"name":"Shaded","section":"Shading Mode"},"sceneLighting":true,"audioPlay":false,"sceneViewState":{"showFog":true,"showMaterialUpdate":false,"showSkybox":true,"showFlares":true,"showImageEffects":true,"showParticleSystems":true},"in2DMode":false,"pivot":{"x":-595.5201416015625,"y":695.1749877929688,"z":410.0498962402344},"rotation":{"x":0.13636794686317445,"y":-0.36264264583587649,"z":0.054411593824625018,"w":0.9206332564353943},"size":29.021873474121095,"orthographic":false}