{"cameraMode":{"drawMode":0,"name":"Shaded","section":"Shading Mode"},"sceneLighting":true,"audioPlay":false,"sceneViewState":{"showFog":true,"showMaterialUpdate":false,"showSkybox":true,"showFlares":true,"showImageEffects":true,"showParticleSystems":true},"in2DMode":false,"pivot":{"x":-591.6984252929688,"y":697.7617797851563,"z":389.96905517578127},"rotation":{"x":0.09708967804908753,"y":-0.7002010345458984,"z":0.10387200862169266,"w":0.7004013657569885},"size":6.781435012817383,"orthographic":false}