{"cameraMode":{"drawMode":0,"name":"Shaded","section":"Shading Mode"},"sceneLighting":false,"audioPlay":false,"sceneViewState":{"showFog":true,"showMaterialUpdate":false,"showSkybox":true,"showFlares":true,"showImageEffects":true,"showParticleSystems":true},"in2DMode":false,"pivot":{"x":-556.40283203125,"y":659.68359375,"z":427.6491394042969},"rotation":{"x":0.4268951416015625,"y":-0.14531435072422028,"z":0.07011225074529648,"w":0.8899840712547302},"size":120.21004486083985,"orthographic":false}