{"cameraMode":{"drawMode":0,"name":"Shaded","section":"Shading Mode"},"sceneLighting":false,"audioPlay":false,"sceneViewState":{"showFog":true,"showMaterialUpdate":false,"showSkybox":true,"showFlares":true,"showImageEffects":true,"showParticleSystems":true},"in2DMode":false,"pivot":{"x":-522.6149291992188,"y":681.2474365234375,"z":425.5978088378906},"rotation":{"x":0.13314057886600495,"y":0.8681460618972778,"z":-0.3049176037311554,"w":0.3695393204689026},"size":108.2502670288086,"orthographic":false}