{"cameraMode":{"drawMode":0,"name":"Shaded","section":"Shading Mode"},"sceneLighting":false,"audioPlay":false,"sceneViewState":{"showFog":true,"showMaterialUpdate":false,"showSkybox":true,"showFlares":true,"showImageEffects":true,"showParticleSystems":true},"in2DMode":false,"pivot":{"x":2.165100574493408,"y":-0.21911633014678956,"z":-2.7335150241851808},"rotation":{"x":-0.1108330488204956,"y":0.56486976146698,"z":-0.07689911127090454,"w":-0.8140882849693298},"size":8.039860725402832,"orthographic":false}